,annotator,author,sent_id,text,WRITER-AG,WRITER-PA,EVENT,ASP-EVENT,REP-EVENT,STATE,ORG,LOC,TIME
0,marco,Q2916028,53.0,"On June 13, 2011 he wrote in the Wall Street Journal about the unrest in Syria that ""The mask of the Assad regime finally falls..."" On June 22, 2014, Ajami died from prostate cancer at a summer home in Maine, aged 68.  (Fouad Ajami)",he,,wrote,,,,in the Wall Street Journal,,"On June 13, 2011"
1,marco,Q2916028,53.0,"On June 13, 2011 he wrote in the Wall Street Journal about the unrest in Syria that ""The mask of the Assad regime finally falls..."" On June 22, 2014, Ajami died from prostate cancer at a summer home in Maine, aged 68.  (Fouad Ajami)",Ajami,,died,,,,,in Maine,"On June 22, 2014"
2,marco,Q19201294,7.0,In 1955 he participated in Goa freedom movement.  (Rabi Singh),he,,participated,,,,in Goa freedom movement,,In 1955
3,marco,Q2061698,53.0,"Menken continued to perform small parts in New York, as well as reading Shakespeare in performance, and giving lectures.  (Adah Isaacs Menken)",Menken,,perform,continued,,,,in New York,
4,marco,Q2061698,53.0,"Menken continued to perform small parts in New York, as well as reading Shakespeare in performance, and giving lectures.  (Adah Isaacs Menken)",Menken,,,,,reading,,,
5,marco,Q2061698,53.0,"Menken continued to perform small parts in New York, as well as reading Shakespeare in performance, and giving lectures.  (Adah Isaacs Menken)",Menken,,,,,giving,,,
6,marco,Q236503,14.0,"During his term as governor, he attracted publicity by allegedly fighting high salaries for public servants, whom he labeled marajás (maharajas) (likening them to the former princes of India who received a stipend from the government as compensation for relinquishing their lands).  (Fernando Collor de Mello)",his,,,,,term,,,
7,marco,Q236503,14.0,"During his term as governor, he attracted publicity by allegedly fighting high salaries for public servants, whom he labeled marajás (maharajas) (likening them to the former princes of India who received a stipend from the government as compensation for relinquishing their lands).  (Fernando Collor de Mello)",he,,attracted,,,,,,
8,marco,Q236503,14.0,"During his term as governor, he attracted publicity by allegedly fighting high salaries for public servants, whom he labeled marajás (maharajas) (likening them to the former princes of India who received a stipend from the government as compensation for relinquishing their lands).  (Fernando Collor de Mello)",he,,,,,fighting,,,
9,marco,Q4900476,72.0,"He was publicly bestowed with the honorary title of Asom Ratna -- 'Jewel of Assam' by the leading intellectuals in Assam on the occasion of his 78th birthday celebrations publicly on 19 August 2007, in a programme held in Guwahati city under the presidency of Nobel laureate Rabindranath Tagore Professor of Gauhati University Dr Satyendra Narayan Goswami.  (Bhabananda Deka)",,He,bestowed,,,,in Assam,,on 19 August 2007
10,marco,Q972107,132.0,"At the beginning of 2004, he was among the first reporters to visit Darfur and describe ""the most vicious ethnic cleansing you've never heard of.""  (Nicholas Kristof)",he,,visit,,,,,Darfur,At the beginning of 2004
11,marco,Q972107,132.0,"At the beginning of 2004, he was among the first reporters to visit Darfur and describe ""the most vicious ethnic cleansing you've never heard of.""  (Nicholas Kristof)",he,,,,describe,,,,
12,marco,Q28155098,11.0,"Also, Cajías was elected as president of the Association of Journalists of La Paz in 2014.  (Lupe Cajías)",,Cajías,elected,,,,of the Association of Journalists of La Paz,,in 2014
13,marco,Q20014769,8.0,"Paredes was the first president of the University Women's Union (Unión Femenina Universitaria; UFU), founded on 14 September 1938, the same year in which she was elected president of the La Paz Student Center of Dentistry.  (Elsa Paredes de Salazar)",Paredes,,,,,president,of the University Women's Union,,
14,marco,Q20014769,8.0,"Paredes was the first president of the University Women's Union (Unión Femenina Universitaria; UFU), founded on 14 September 1938, the same year in which she was elected president of the La Paz Student Center of Dentistry.  (Elsa Paredes de Salazar)",,she,elected,,,,of the La Paz Student Center of Dentistry,,1938
15,marco,Q20014769,8.0,"Paredes was the first president of the University Women's Union (Unión Femenina Universitaria; UFU), founded on 14 September 1938, the same year in which she was elected president of the La Paz Student Center of Dentistry.  (Elsa Paredes de Salazar)",,the University Women's Union,founded,,,,,,on 14 September 1938
16,marco,Q7035479,231.0,"Pashinyan was elected member of the National Assembly from the ANC, which barely passed the 7% threshold for electoral alliances and received 7 seats.  (Nikol Pashinyan)",,Pashinyan,elected,,,,of the National Assembly,,
17,marco,Q7035479,231.0,"Pashinyan was elected member of the National Assembly from the ANC, which barely passed the 7% threshold for electoral alliances and received 7 seats.  (Nikol Pashinyan)",,the ANC,received,,,,,,
18,marco,Q55641540,8.0,"In a starred review, Kirkus Reviews described his Ramayana as 'A masterpiece made new for a generation of readers who ought to be very grateful indeed to Menon'.  (Ramesh Menon)",,his Ramayana,,,described,masterpiece,,,
19,marco,Q27915263,5.0,"Her third novel, Missing in Machu Picchu (2013), was awarded first place in adventure fiction by the International Latino Book Awards, but was given an unfavorable review by Publishers Weekly.  (Cecilia Velástegui)",,"Her third novel, Missing in Machu Picchu",awarded,,,,by the International Latino Book Awards,,
20,marco,Q27915263,5.0,"Her third novel, Missing in Machu Picchu (2013), was awarded first place in adventure fiction by the International Latino Book Awards, but was given an unfavorable review by Publishers Weekly.  (Cecilia Velástegui)","Her third novel, Missing in Machu Picchu",,given,,,,by Publishers Weekly,,
21,marco,Q85181754,20.0,"The film went on to receive rave reviews; screened at Abhijaan Film Festival in 2015, Bengali Film Festival held in Dubai between 5–7 February 2015 and also at the Kerala Film Festival held in Trivandrum in late 2014.  (Manoj Michigan)",,The film,receive,went,,,,,
22,marco,Q85181754,20.0,"The film went on to receive rave reviews; screened at Abhijaan Film Festival in 2015, Bengali Film Festival held in Dubai between 5–7 February 2015 and also at the Kerala Film Festival held in Trivandrum in late 2014.  (Manoj Michigan)",,The film,screened,,,,,,in 2015
23,marco,Q85181754,20.0,"The film went on to receive rave reviews; screened at Abhijaan Film Festival in 2015, Bengali Film Festival held in Dubai between 5–7 February 2015 and also at the Kerala Film Festival held in Trivandrum in late 2014.  (Manoj Michigan)",,The film,screened,,,,,in Dubai,between 5–7 February 2015
24,marco,Q85181754,20.0,"The film went on to receive rave reviews; screened at Abhijaan Film Festival in 2015, Bengali Film Festival held in Dubai between 5–7 February 2015 and also at the Kerala Film Festival held in Trivandrum in late 2014.  (Manoj Michigan)",,The film,screened,,,,,in Trivandrum,in late 2014
25,marco,Q3301423,4.0,Upon graduation he attended l'Academie Militaire where he remained for only three months.  (Maurice Sixto),he,,graduation,,,,,,
26,marco,Q3301423,4.0,Upon graduation he attended l'Academie Militaire where he remained for only three months.  (Maurice Sixto),he,,,,,attended,,,
27,marco,Q3301423,4.0,Upon graduation he attended l'Academie Militaire where he remained for only three months.  (Maurice Sixto),he,,,,,remained,,,
28,marco,Q16019283,1.0,"He belonged to the family of the Sufi saint Sultan Syed Makhdoom Ashraf Jahangir Semnani Wahab Ashrafi spent his early life in Kako village in Jehanabad district, Bihar.  (Wahab Ashrafi)",Wahab Ashrafi,,spent,,,,,"in Kako village in Jehanabad district, Bihar",
29,marco,Q4833999,13.0,"In 1976, he was awarded the Birbal Sahni gold medal by the Government of India for his work in botany.   (B. G. L. Swamy)",,he,awarded,,,,by the Government of India,,In 1976
30,marco,Q4833999,13.0,"In 1976, he was awarded the Birbal Sahni gold medal by the Government of India for his work in botany.   (B. G. L. Swamy)",his,,,,,work,,,
31,marco,Q5460344,35.0,""" Flora Nwapa died of pneumonia on 16 October 1993 at a hospital in Enugu, Nigeria, at the age of 62.  (Flora Nwapa)",Flora Nwapa,,died,,,,,"in Enugu, Nigeria",on 16 October 1993
32,marco,Q8014124,18.0,"He went on, in the early 1970s, to become a lecturer of mathematics at the University of Lagos.  (William Kumuyi)",He,,,went,,,,,in the early 1970s
33,marco,Q8014124,18.0,"He went on, in the early 1970s, to become a lecturer of mathematics at the University of Lagos.  (William Kumuyi)",He,,,become,,lecturer,at the University of Lagos,,in the early 1970s
34,marco,Q828621,11.0,"Amnesty International also issued an ""Urgent Action"" over concerns for his declining health, stating, ""He is said to suffer from heavy bleeding caused by acute haemorrhoids, reportedly exacerbated by poor prison diet.  (Bertrand Teyou)",,He,,,stating,,Amnesty International,,
35,marco,Q828621,11.0,"Amnesty International also issued an ""Urgent Action"" over concerns for his declining health, stating, ""He is said to suffer from heavy bleeding caused by acute haemorrhoids, reportedly exacerbated by poor prison diet.  (Bertrand Teyou)",his,,health,,,,,,
36,marco,Q828621,11.0,"Amnesty International also issued an ""Urgent Action"" over concerns for his declining health, stating, ""He is said to suffer from heavy bleeding caused by acute haemorrhoids, reportedly exacerbated by poor prison diet.  (Bertrand Teyou)",He,,,,said,suffer,,,
37,marco,Q13564524,1.0,"He received the Kerala Sahitya Academi award in the `poetry' section for his collection, Nellickal Muraleedharante Kavithakal in 2004.  (Nellikkal Muraleedharan)",,He,received,,,,the Kerala Sahitya Academi award,,in 2004
38,marco,Q13564524,1.0,"He received the Kerala Sahitya Academi award in the `poetry' section for his collection, Nellickal Muraleedharante Kavithakal in 2004.  (Nellikkal Muraleedharan)",his,,collection,,,,,,
39,marco,Q3850642,8.0,"As an avid hunter, fisherman and scuba diver, Fontova began his publishing career writing for the outdoor themed magazines Louisiana Sportsman, Sierra, Scuba Times and Bowhunter.  (Humberto Fontova)",Fontova,,,began,,career,,,
40,marco,Q3850642,8.0,"As an avid hunter, fisherman and scuba diver, Fontova began his publishing career writing for the outdoor themed magazines Louisiana Sportsman, Sierra, Scuba Times and Bowhunter.  (Humberto Fontova)",Fontova,,,,,writing,"for the outdoor themed magazines Louisiana Sportsman, Sierra, Scuba Times and Bowhunter",,
41,marco,Q4895905,9.0,She continues to be a regular contributor to Lakota Country Times and has written for Native Sun News and Indian Country Today.  (Delphine Red Shirt),She,,,continues,,contributor,to Lakota Country Times,,
42,marco,Q4895905,9.0,She continues to be a regular contributor to Lakota Country Times and has written for Native Sun News and Indian Country Today.  (Delphine Red Shirt),She,,,,,written,for Native Sun News and Indian Country Today,,
43,marco,Q270204,6.0,"As of 2013, she lives and teaches in Riverside, California.In 2020, Hopkinson was named the 37th Damon Knight Grand Master.  (Nalo Hopkinson)",she,,,,,lives,,"in Riverside, California",As of 2013
44,marco,Q270204,6.0,"As of 2013, she lives and teaches in Riverside, California.In 2020, Hopkinson was named the 37th Damon Knight Grand Master.  (Nalo Hopkinson)",she,,,,,teaches,,"in Riverside, California",As of 2013
45,marco,Q270204,6.0,"As of 2013, she lives and teaches in Riverside, California.In 2020, Hopkinson was named the 37th Damon Knight Grand Master.  (Nalo Hopkinson)",,Hopkinson,named,,,,,,In 2020
46,marco,Q771782,18.0,"After the results of the 2010 election, which by the popular vote elected Dilma Rousseff as Brazil's first female president, Indio da Costa parted from his former political party ""DEM"" to become one of the founders of the PSD ""Social Democrats Party"" along with the then Mayor of São Paulo, Gilberto Kassab.  (Antônio Pedro de Siqueira Indio da Costa)",Indio da Costa,,parted,,,,"from his former political party ""DEM""",,
47,marco,Q771782,18.0,"After the results of the 2010 election, which by the popular vote elected Dilma Rousseff as Brazil's first female president, Indio da Costa parted from his former political party ""DEM"" to become one of the founders of the PSD ""Social Democrats Party"" along with the then Mayor of São Paulo, Gilberto Kassab.  (Antônio Pedro de Siqueira Indio da Costa)",Indio da Costa,,,become,,founders,"of the PSD ""Social Democrats Party""",,
48,marco,Q6125889,12.0,Nuriddin converted to Islam while in jail and in 2003 went on a pilgrimage to Mecca.  (Jalal Mansur Nuriddin),Nuriddin,,converted,,,,,,
49,marco,Q6125889,12.0,Nuriddin converted to Islam while in jail and in 2003 went on a pilgrimage to Mecca.  (Jalal Mansur Nuriddin),Nuriddin,,went,,,,,to Mecca,in 2003
50,marco,Q6286923,7.0,"On July 22, 1891, Cotter married Maria F. Cox, a fellow teacher, with whom he had four children: Leonidas, Florence, Olivia, and Joseph Seamon Cotter Jr (a distinguished poet-playwright in his own merit).  (Joseph Seamon Cotter, Sr.)",Cotter,,married,,,,,,"On July 22, 1891"
51,marco,Q6286923,7.0,"On July 22, 1891, Cotter married Maria F. Cox, a fellow teacher, with whom he had four children: Leonidas, Florence, Olivia, and Joseph Seamon Cotter Jr (a distinguished poet-playwright in his own merit).  (Joseph Seamon Cotter, Sr.)",he,,had,,,,,,
52,marco,Q19668863,5.0,"He worked under mayor Kasim Reed starting January 2, 2008 for Atlanta Fire Department, prior to being appointed US Fire Administrator in July 2009 by President Barack Obama where he worked extensively with the Federal Emergency Management Agency and the United States Department of Homeland Security to prevent fires and improve fire response.  (Kelvin J. Cochran)",He,,,,,worked,for Atlanta Fire Department,,"starting January 2, 2008"
53,marco,Q19668863,5.0,"He worked under mayor Kasim Reed starting January 2, 2008 for Atlanta Fire Department, prior to being appointed US Fire Administrator in July 2009 by President Barack Obama where he worked extensively with the Federal Emergency Management Agency and the United States Department of Homeland Security to prevent fires and improve fire response.  (Kelvin J. Cochran)",,He,appointed,,,,,US Fire Administrator,in July 2009
54,marco,Q19668863,5.0,"He worked under mayor Kasim Reed starting January 2, 2008 for Atlanta Fire Department, prior to being appointed US Fire Administrator in July 2009 by President Barack Obama where he worked extensively with the Federal Emergency Management Agency and the United States Department of Homeland Security to prevent fires and improve fire response.  (Kelvin J. Cochran)",he,,,,,worked,with the Federal Emergency Management Agency and the United States Department of Homeland Security,,
55,marco,Q736833,110.0,"The final judgment of the European Court of Justice to remove Sison from the EU terrorist blacklist on September 30, 2009, became final and binding on December 10, 2009, inasmuch as the EU did not make appeal.  (Jose Maria Sison)",,Sison,remove,,,,European Court of Justice,,"on September 30, 2009"
56,marco,Q3045892,8.0,"Juan Carlos Tabío began working in 1961 at the ICAIC (Cuban Institute of Art and Cinematographic Industry) as a production assistant, then as assistant director.  (Juan Carlos Tabío)",Juan Carlos Tabío,,,began,,working,at the ICAIC,,in 1961
57,marco,Q12846327,8.0,"In 2001, he received a second degree in higher education from Baku State University Law School.  (Sayyad Aran)",,he,received,,,,from Baku State University Law School,,In 2001
58,marco,Q1980074,27.0,"The Committee to Protect Journalists, which had awarded Gorriti its International Press Freedom Award for his work with the paper, called the election, and the resignations and demotions of investigative staff that followed, a ""boardroom coup"" that left ""the once feisty paper a shadow of its former self"".  (Gustavo Gorriti Ellenbogen)",,Gorriti,awarded,,,,The Committee to Protect Journalists,,
59,marco,Q7876221,14.0,U Lwin continued with his career in the army after independence and was sent on training courses to England and West Germany.  (U Lwin),U Lwin,,,continued,,career,,,
60,marco,Q7876221,14.0,U Lwin continued with his career in the army after independence and was sent on training courses to England and West Germany.  (U Lwin),,U Lwin,sent,,,,,to England,
61,marco,Q469745,51.0,"The same day the suit was filed, CBS released a statement saying that Rowell left the cast of her own initiative, the suit was without merit, and they would vigorously defend the case.  (Victoria Rowell)",,Rowell,,,saying,,CBS,,
62,marco,Q469745,51.0,"The same day the suit was filed, CBS released a statement saying that Rowell left the cast of her own initiative, the suit was without merit, and they would vigorously defend the case.  (Victoria Rowell)",Rowell,,left,,,,,,
63,marco,Q188093,49.0,"Hughes later said that, prior to arriving in Mexico, ""I had been thinking about my father and his strange dislike of his own people.  (Langston Hughes)",Hughes,,arriving,,,,,in Mexico,
64,marco,Q188093,49.0,"Hughes later said that, prior to arriving in Mexico, ""I had been thinking about my father and his strange dislike of his own people.  (Langston Hughes)",Hughes,,,,said,,,,
65,marco,Q188093,49.0,"Hughes later said that, prior to arriving in Mexico, ""I had been thinking about my father and his strange dislike of his own people.  (Langston Hughes)",I,,,,,thinking,,,
66,marco,Q528778,8.0,He initially worked for Newsline and wrote for The Washington Post and India Today.   (Mohammed Hanif),He,,,,,worked,for Newsline,,
67,marco,Q528778,8.0,He initially worked for Newsline and wrote for The Washington Post and India Today.   (Mohammed Hanif),He,,,,,wrote,for The Washington Post and India Today,,
68,marco,Q28777191,5.0,"In her decade as a daily newspaper reporter, she covered politics, immigration and demographics in Texas, Pennsylvania and New Jersey and spent three months in the spring of 2005, during the Iraq war, as a foreign correspondent in Knight Ridder's Baghdad bureau.  (Gaiutra Bahadur)",her,,,,,decade,,,
69,marco,Q28777191,5.0,"In her decade as a daily newspaper reporter, she covered politics, immigration and demographics in Texas, Pennsylvania and New Jersey and spent three months in the spring of 2005, during the Iraq war, as a foreign correspondent in Knight Ridder's Baghdad bureau.  (Gaiutra Bahadur)",she,,,,,covered,,"in Texas, Pennsylvania and New Jersey",
70,marco,Q28777191,5.0,"In her decade as a daily newspaper reporter, she covered politics, immigration and demographics in Texas, Pennsylvania and New Jersey and spent three months in the spring of 2005, during the Iraq war, as a foreign correspondent in Knight Ridder's Baghdad bureau.  (Gaiutra Bahadur)",she,,spent,,,,in Knight Ridder's Baghdad bureau,,in the spring of 2005
71,marco,Q28777191,5.0,"In her decade as a daily newspaper reporter, she covered politics, immigration and demographics in Texas, Pennsylvania and New Jersey and spent three months in the spring of 2005, during the Iraq war, as a foreign correspondent in Knight Ridder's Baghdad bureau.  (Gaiutra Bahadur)",she,,,,,correspondent,in Knight Ridder's Baghdad bureau,,
72,marco,Q95273,48.0,"Her autobiography, When I Fell from the Sky (German: Als ich vom Himmel fiel), was released on 10 March 2011 by Piper Verlag, for which she received the Corine Literature Prize in 2011.  (Juliane Koepcke)",,"Her autobiography, When I Fell from the Sky",released,,,,by Piper Verlag,,on 10 March 2011
73,marco,Q95273,48.0,"Her autobiography, When I Fell from the Sky (German: Als ich vom Himmel fiel), was released on 10 March 2011 by Piper Verlag, for which she received the Corine Literature Prize in 2011.  (Juliane Koepcke)",,she,received,,,,,,in 2011
74,marco,Q531814,256.0,"During the post-match celebration following Brazil's 4–1 win over Argentina in the 2005 Confederations Cup final, he and several of his teammates wore T-shirts that read ""Jesus Loves You"" in various languages.  (Kaká)",,,,,,,,,
75,marco,Q7285550,3.0,"His great-great-uncle, the journalist Najib Nassar, founded  the Haifa-based newspaper Al-Karmil in the last years of the Ottoman Empire, before World War I. His father, Aziz, also a lawyer, was one of the first Palestinians to publicly support a two-state solution to the Arab-Israeli conflict.  (Raja Shehadeh)",,,,,,,,,
76,marco,Q1399671,67.0,"Ravi Zacharias later established The Oxford Centre for Christian Apologetics (OCCA), an unaccredited, unrecognised research institute in Oxfordshire, England offering theological degrees.  (Ravi Zacharias)",Ravi Zacharias,,established,,,,The Oxford Centre for Christian Apologetics,in Oxfordshire,
77,marco,Q1399671,67.0,"Ravi Zacharias later established The Oxford Centre for Christian Apologetics (OCCA), an unaccredited, unrecognised research institute in Oxfordshire, England offering theological degrees.  (Ravi Zacharias)",The Oxford Centre for Christian Apologetics,,,,,offering,,"in Oxfordshire, England",
78,marco,Q1579932,26.0,"In 2016, Netflix announced Fronckowiak as part of the main cast of 3%, the first Brazilian original series on the streaming service.  (Mel Fronckowiak)",,Fronckowiak,announced,,,,Netflix,,In 2016
79,marco,Q22966821,18.0,"On his arrival, Amaruk started his professional career as Journalist thanks to his notable talent for writing and the desire to go after the news of global interest, for the group of Latin Americans residing in Spain.  (Amaruk Caizapanta)",his,,arrival,,,,,in Spain,
80,marco,Q22966821,18.0,"On his arrival, Amaruk started his professional career as Journalist thanks to his notable talent for writing and the desire to go after the news of global interest, for the group of Latin Americans residing in Spain.  (Amaruk Caizapanta)",Amaruk,,,started,,career,,in Spain,
81,marco,Q528778,0.0,Mohammed Hanif (born November 1964) is a British Pakistani writer and journalist who writes a monthly opinion piece in The New York Times.  (Mohammed Hanif),Mohammed Hanif,,,,,writer,,,
82,marco,Q528778,0.0,Mohammed Hanif (born November 1964) is a British Pakistani writer and journalist who writes a monthly opinion piece in The New York Times.  (Mohammed Hanif),Mohammed Hanif,,,,,writes,in The New York Times,,
83,marco,Q528778,0.0,Mohammed Hanif (born November 1964) is a British Pakistani writer and journalist who writes a monthly opinion piece in The New York Times.  (Mohammed Hanif),Mohammed Hanif,,,,,journalist,,,
84,marco,Q5274753,11.0,"On the 23rd of June 2001, Okenyodo, working with colleagues—Sumaila Umaisha, Aba Ejembi, Jerome Ajayi—founded the Kaduna Writers' League.  (Diego Odoh Okenyodo)",Okenyodo,,founded,,,,the Kaduna Writers' League,,On the 23rd of June 2001
85,marco,Q5274753,11.0,"On the 23rd of June 2001, Okenyodo, working with colleagues—Sumaila Umaisha, Aba Ejembi, Jerome Ajayi—founded the Kaduna Writers' League.  (Diego Odoh Okenyodo)",Okenyodo,,,,,working,,,On the 23rd of June 2001
86,marco,Q19892251,19.0,"Jotwani died on 28 January 2008 in Pune, succumbing to a cardiac arrest, leaving behind his wife, Raj Motwani and two sons.  (Motilal Jotwani)",Jotwani,,died,,,,,in Pune,on 28 January 2008
87,marco,Q19892251,19.0,"Jotwani died on 28 January 2008 in Pune, succumbing to a cardiac arrest, leaving behind his wife, Raj Motwani and two sons.  (Motilal Jotwani)",Jotwani,,succumbing,,,,,in Pune,on 28 January 2008
88,marco,Q19892251,19.0,"Jotwani died on 28 January 2008 in Pune, succumbing to a cardiac arrest, leaving behind his wife, Raj Motwani and two sons.  (Motilal Jotwani)",Jotwani,,leaving,,,,,,
89,marco,Q251123,2.0,He won the 1991 International Nonino Prize in Italy.  (Álvaro Mutis),He,,won,,,,,in Italy,
90,marco,Q2946652,4.0,"Dovey attended high school in Australia at North Sydney Girls High School, before going to the United States in 1999 to study at Harvard University as an undergraduate where she completed a joint degree in Anthropology and Visual & Environmental Studies in 2003.  (Ceridwen Dovey)",Dovey,,,,,attended,at North Sydney Girls High School,in Australia,
91,marco,Q2946652,4.0,"Dovey attended high school in Australia at North Sydney Girls High School, before going to the United States in 1999 to study at Harvard University as an undergraduate where she completed a joint degree in Anthropology and Visual & Environmental Studies in 2003.  (Ceridwen Dovey)",Dovey,,going,,,,,to the United States,in 1999
92,marco,Q2946652,4.0,"Dovey attended high school in Australia at North Sydney Girls High School, before going to the United States in 1999 to study at Harvard University as an undergraduate where she completed a joint degree in Anthropology and Visual & Environmental Studies in 2003.  (Ceridwen Dovey)",Dovey,,,,,study,at Harvard University,,in 1999
93,marco,Q2946652,4.0,"Dovey attended high school in Australia at North Sydney Girls High School, before going to the United States in 1999 to study at Harvard University as an undergraduate where she completed a joint degree in Anthropology and Visual & Environmental Studies in 2003.  (Ceridwen Dovey)",she,,,completed,,degree,at Harvard University,,in 2003
94,marco,Q5878,47.0,"Though García Márquez never finished his higher studies, some universities, including Columbia University, New York, have given him an honorary doctorate in writing.  (Gabriel García Márquez)",García Márquez,,finished,,,,,,
95,marco,Q5878,47.0,"Though García Márquez never finished his higher studies, some universities, including Columbia University, New York, have given him an honorary doctorate in writing.  (Gabriel García Márquez)",,him,given,,,,Columbia University,New York,
96,marco,Q3161465,73.0,"Next he was called to Portland, Maine, where he served for three years.  (James W.C. Pennington)",,he,called,,,,,"to Portland, Maine",Next
97,marco,Q3161465,73.0,"Next he was called to Portland, Maine, where he served for three years.  (James W.C. Pennington)",he,,,,,served,,"Portland, Maine",for three years
98,marco,Q4868275,14.0,He joined Rotary International in 1972 and rendered his service to the society as Rotarian in various capacity.  (Basti Vaman Shenoy),He,,joined,,,,Rotary International,,in 1972
99,marco,Q4868275,14.0,He joined Rotary International in 1972 and rendered his service to the society as Rotarian in various capacity.  (Basti Vaman Shenoy),He,,rendered,,,,Rotary International,,
100,marco,Q43374474,0.0,"Olúmìdé Pópóọlá is a London-based Nigerian-German writer, speaker and performer.  (Olumide Popoola)",Olúmìdé Pópóọlá,,,,,writer,,London-based,
101,marco,Q43374474,0.0,"Olúmìdé Pópóọlá is a London-based Nigerian-German writer, speaker and performer.  (Olumide Popoola)",Olúmìdé Pópóọlá,,,,,speaker,,London-based,
102,marco,Q43374474,0.0,"Olúmìdé Pópóọlá is a London-based Nigerian-German writer, speaker and performer.  (Olumide Popoola)",Olúmìdé Pópóọlá,,,,,performer,,London-based,
103,marco,Q970649,82.0,"In Italy, it won the Premio Gregor von Rezzori-Città di Firenze; with the English translation, Vásquez became the first Latin American and the second Spanish-language author to win the International IMPAC Dublin Literary Award, previously awarded to authors such as Orhan Pamuk, Herta Müller and Javier Marías; the French translation was instrumental to Vásquez being awarded the Prix Roger Caillois; in the United States, the novel appeared on the cover of The New York Times Book Review, where Edmund White called it “A brilliant new novel...gripping...absorbing right to the end”.  (Juan Gabriel Vásquez)",the first Latin American,,win,,,,,the International IMPAC Dublin Literary Award,
104,marco,Q970649,82.0,"In Italy, it won the Premio Gregor von Rezzori-Città di Firenze; with the English translation, Vásquez became the first Latin American and the second Spanish-language author to win the International IMPAC Dublin Literary Award, previously awarded to authors such as Orhan Pamuk, Herta Müller and Javier Marías; the French translation was instrumental to Vásquez being awarded the Prix Roger Caillois; in the United States, the novel appeared on the cover of The New York Times Book Review, where Edmund White called it “A brilliant new novel...gripping...absorbing right to the end”.  (Juan Gabriel Vásquez)",,Vásquez,awarded,,,,,in the United States,
105,marco,Q970649,82.0,"In Italy, it won the Premio Gregor von Rezzori-Città di Firenze; with the English translation, Vásquez became the first Latin American and the second Spanish-language author to win the International IMPAC Dublin Literary Award, previously awarded to authors such as Orhan Pamuk, Herta Müller and Javier Marías; the French translation was instrumental to Vásquez being awarded the Prix Roger Caillois; in the United States, the novel appeared on the cover of The New York Times Book Review, where Edmund White called it “A brilliant new novel...gripping...absorbing right to the end”.  (Juan Gabriel Vásquez)",the novel,,appeared,,,,of The New York Times Book Review,,
106,marco,Q970649,82.0,"In Italy, it won the Premio Gregor von Rezzori-Città di Firenze; with the English translation, Vásquez became the first Latin American and the second Spanish-language author to win the International IMPAC Dublin Literary Award, previously awarded to authors such as Orhan Pamuk, Herta Müller and Javier Marías; the French translation was instrumental to Vásquez being awarded the Prix Roger Caillois; in the United States, the novel appeared on the cover of The New York Times Book Review, where Edmund White called it “A brilliant new novel...gripping...absorbing right to the end”.  (Juan Gabriel Vásquez)",Vásquez,,,became,,,,,
107,marco,Q970649,82.0,"In Italy, it won the Premio Gregor von Rezzori-Città di Firenze; with the English translation, Vásquez became the first Latin American and the second Spanish-language author to win the International IMPAC Dublin Literary Award, previously awarded to authors such as Orhan Pamuk, Herta Müller and Javier Marías; the French translation was instrumental to Vásquez being awarded the Prix Roger Caillois; in the United States, the novel appeared on the cover of The New York Times Book Review, where Edmund White called it “A brilliant new novel...gripping...absorbing right to the end”.  (Juan Gabriel Vásquez)",,the novel,,,called,,The New York Times Book Review,,
108,marco,Q27942223,32.0,"The poem was published on October 1, 1921 in the Kansas City Sun.  (J. Dallas Bowser)",,The poem,published,,,,in the Kansas City Sun,,"on October 1, 1921"
109,marco,Q6779572,13.0,"Berry spent seven years working at the University of Maryland, eventually becoming interim provost of the Division of Behavioral and Social Sciences.  (Mary Frances Berry)",Berry,,,,,spent,,,
110,marco,Q6779572,13.0,"Berry spent seven years working at the University of Maryland, eventually becoming interim provost of the Division of Behavioral and Social Sciences.  (Mary Frances Berry)",Berry,,,,,working,,at the University of Maryland,seven years
111,marco,Q6779572,13.0,"Berry spent seven years working at the University of Maryland, eventually becoming interim provost of the Division of Behavioral and Social Sciences.  (Mary Frances Berry)",Berry,,,becoming,,provost,,,
112,marco,Q217427,7.0,She is a two time New York Times best selling author.  (La Toya Jackson),She,,,,,author,New York Times,,
113,marco,Q6807585,6.0,"She completed a Doctorate of Philosophy in Socio-linguistics from Anna University, Chennai.  (Meena Kandasamy)",She,,,completed,,,from Anna University,Chennai,
114,marco,Q319871,306.0,"Washington took the lead in promoting educational uplift for the African Diaspora, often with funding from the Phelps Stokes Fund or in collaboration with foreign sources, such as the German government.  (Booker T. Washington)",Washington,,took,,,,,,
115,marco,Q319871,306.0,"Washington took the lead in promoting educational uplift for the African Diaspora, often with funding from the Phelps Stokes Fund or in collaboration with foreign sources, such as the German government.  (Booker T. Washington)",Washington,,,,,promoting,,,
116,marco,Q319871,306.0,"Washington took the lead in promoting educational uplift for the African Diaspora, often with funding from the Phelps Stokes Fund or in collaboration with foreign sources, such as the German government.  (Booker T. Washington)",,Washington,funding,,,,from the Phelps Stokes Fund,,
117,marco,Q319871,306.0,"Washington took the lead in promoting educational uplift for the African Diaspora, often with funding from the Phelps Stokes Fund or in collaboration with foreign sources, such as the German government.  (Booker T. Washington)",Washington,,,,,collaboration,,"with foreign sources, such as the German government",
118,marco,Q7679487,12.0,His book Alamaat e Zahoor e Mehdi is considered as one of the most comprehensive book compiled and written on the topic of Imam Mehdi in Urdu language.  (Talib Jauhari),,His book Alamaat e Zahoor e Mehdi,,,considered,,,,
119,marco,Q7660270,1.0,He was the president of Asam Sahitya Sabha in 1977 held at Abhayapuri.  (Syed Abdul Malik),He,,,,,president,of Asam Sahitya Sabha,at Abhayapuri,in 1977
120,marco,Q1541759,13.0,"Tati Loutard ran again in the 2007 parliamentary election, and this time he was elected to the National Assembly as the MAR candidate in Tchiamba-Nzassi, winning the seat in the first round with 52.54% of the vote.  (Jean-Baptiste Tati-Loutard)",Tati Loutard,,ran,,,,,,
121,marco,Q1541759,13.0,"Tati Loutard ran again in the 2007 parliamentary election, and this time he was elected to the National Assembly as the MAR candidate in Tchiamba-Nzassi, winning the seat in the first round with 52.54% of the vote.  (Jean-Baptiste Tati-Loutard)",,he,was elected,,,,to the National Assembly,in Tchiamba-Nzassi,
122,marco,Q4838045,9.0,"He was a columnist for Hyderabad-based daily newspaper Postnoon and wrote a column called ""The Human Angle"".  (Babu Gogineni)",He,,,,,a columnist,for Hyderabad-based daily newspaper Postnoon,,
123,marco,Q4838045,9.0,"He was a columnist for Hyderabad-based daily newspaper Postnoon and wrote a column called ""The Human Angle"".  (Babu Gogineni)",He,,,,,wrote,,,
124,marco,Q3291572,10.0,Vimala Devi moved to Lisbon in 1957 to rejoin part of her family already established in the city and began work as a translator.   (Vimala Devi),Vimala Devi,,moved,,,,,to Lisbon,in 1957
125,marco,Q3291572,10.0,Vimala Devi moved to Lisbon in 1957 to rejoin part of her family already established in the city and began work as a translator.   (Vimala Devi),Vimala Devi,,rejoin,,,,,Lisbon,in 1957
126,marco,Q3291572,10.0,Vimala Devi moved to Lisbon in 1957 to rejoin part of her family already established in the city and began work as a translator.   (Vimala Devi),Vimala Devi,,,began,,work,,Lisbon,in 1957
127,marco,Q43373901,22.0,"In November, he participated in Colors TV's Bigg Boss 14, this time as a challenger.  (Vikas Gupta)",he,,participated,,,,in Colors TV's Bigg Boss 14,,In November
128,marco,Q330809,12.0,"In 1994, during his studies at Case Western Reserve University, he founded Wordsmith.org.  (Anu Garg)",he,,founded,,,,Wordsmith.org,,In 1994
129,marco,Q330809,12.0,"In 1994, during his studies at Case Western Reserve University, he founded Wordsmith.org.  (Anu Garg)",his,,,,,studies,at Case Western Reserve University,,
130,marco,Q8063510,18.0,He has been awarded the best Media Educationist for the year 2015 by (SALF) and Recently Zabir Saeed Badar has been given the Lifetime Achievement Award by Pakistan Writers Guild and Qalam Foundation International He organized the first Perween Shakir literary award in Pakistan in 1995.  (Zabir Saeed),,He,awarded,,,,by (SALF),,for the year 2015
131,marco,Q8063510,18.0,He has been awarded the best Media Educationist for the year 2015 by (SALF) and Recently Zabir Saeed Badar has been given the Lifetime Achievement Award by Pakistan Writers Guild and Qalam Foundation International He organized the first Perween Shakir literary award in Pakistan in 1995.  (Zabir Saeed),,Zabir Saeed Badar,given,,,,by Pakistan Writers Guild,,
132,marco,Q8063510,18.0,He has been awarded the best Media Educationist for the year 2015 by (SALF) and Recently Zabir Saeed Badar has been given the Lifetime Achievement Award by Pakistan Writers Guild and Qalam Foundation International He organized the first Perween Shakir literary award in Pakistan in 1995.  (Zabir Saeed),He,,organized,,,,,in Pakistan,in 1995
133,marco,Q275146,141.0,"Without substantive procedural prerequisites, neither the Supreme Court, nor the Union of India was able to take any meaningful steps. (P. V. Narasimha Rao)",,,,,,,,,
134,marco,Q233289,121.0,The visit led to expansion in trade and economic ties between India and the United States.  (Atal Bihari Vajpayee),,,,,,,,,
135,marco,Q354783,212.0,"NPR's obituary for Baraka describes the depths of his influence simply: ""...throughout his life – the Black Arts Movement never stopped"".  (Amiri Baraka)",,his influence,,,describes,,NPR's obituary,,
136,marco,Q4019985,25.0,"Published posthumously in November 2017 by Ishmael Reed Publishing Company, it was designated ""REDISCOVERED NOVEL OF THE YEAR"" by Jeff Biggers in the Huffington Post.  (William Demby)",,,,,,,,,
137,marco,Q450346,69.0,"She explains: ""This is the first time I will be an active reveler at carnival in Haiti.  (Edwidge Danticat)",She,,,,explains,,,,
138,marco,Q450346,69.0,"She explains: ""This is the first time I will be an active reveler at carnival in Haiti.  (Edwidge Danticat)",I,,,,,reveler,,in Haiti,
139,marco,Q2722550,4.0,"He daily attended the first 10 day Cross Maidan Pandal Festival in 1971 organized by A.C. Bhaktivedanta Swami Prabhupada, the founder of the International Society for Krishna Consciousness (ISKCON) and his Western disciples.  (Lokanatha Swami)",He,,,,,attended,Cross Maidan Pandal Festival,,in 1971
140,marco,Q20979380,29.0,"The song brought Sethi to international recognition as a singer, and was named the ""highlight of the album"" by Times of India.  (Ali Sethi)",,Sethi,brought,,,,,,
141,marco,Q20979380,29.0,"The song brought Sethi to international recognition as a singer, and was named the ""highlight of the album"" by Times of India.  (Ali Sethi)",,The song,named,,,,by Times of India,,
142,marco,Q228787,36.0,"Her acting in the film was noted in the San Francisco Chronicle, which wrote that she was ""the one to watch"".  (Jada Pinkett Smith)",,Her acting,noted,,,,in the San Francisco Chronicle,,
143,marco,Q228787,36.0,"Her acting in the film was noted in the San Francisco Chronicle, which wrote that she was ""the one to watch"".  (Jada Pinkett Smith)",,she,,,wrote,,,,
144,marco,Q7609348,2.0,"He studied at St. Andrew's College, Grahamstown, and later at the University of Cape Town, Cambridge University, England (where he received a Bachelor of Arts and a Masters of Arts, both in English), and the University of Iowa, US (where he studied a Masters of Fine Arts in creative writing).  (Stephen Gray)",He,,,,,studied,at St. Andrew's College,Grahamstown,
145,marco,Q7609348,2.0,"He studied at St. Andrew's College, Grahamstown, and later at the University of Cape Town, Cambridge University, England (where he received a Bachelor of Arts and a Masters of Arts, both in English), and the University of Iowa, US (where he studied a Masters of Fine Arts in creative writing).  (Stephen Gray)",He,,,,,studied,at the University of Cape Town,,
146,marco,Q7609348,2.0,"He studied at St. Andrew's College, Grahamstown, and later at the University of Cape Town, Cambridge University, England (where he received a Bachelor of Arts and a Masters of Arts, both in English), and the University of Iowa, US (where he studied a Masters of Fine Arts in creative writing).  (Stephen Gray)",,he,received,,,,Cambridge University,England,
147,marco,Q7609348,2.0,"He studied at St. Andrew's College, Grahamstown, and later at the University of Cape Town, Cambridge University, England (where he received a Bachelor of Arts and a Masters of Arts, both in English), and the University of Iowa, US (where he studied a Masters of Fine Arts in creative writing).  (Stephen Gray)",he,,,,,studied,the University of Iowa,US,
148,marco,Q5056520,54.0,"W.J. van der Merwe, Cecily Norden and Aubrey Richardson (as Tabulator) pioneered the Three-Judge System for Saddle Horses at Middelburg Cape Regional Saddle Horse Championships, which led to the Hi-Low System now in use.  (Cecily Norden)",Cecily Norden,,,,,pioneered,,at Middelburg Cape Regional Saddle Horse Championships,
149,marco,Q28215720,5.0,Shaik is included in A Booklover’s Guide to New Orleans and the Encyclopedia of African American Writers among others.  (Fatima Shaik),,Shaik,,,,included,,to New Orleans,
150,marco,Q380221,15.0,"Ramachandran, whose father wanted him to become a physician rather than a researcher, obtained an M.B.B.S. from Stanley Medical College in Chennai, India.  (Vilayanur S. Ramachandran)",Ramachandran,,obtained,,,,from Stanley Medical College,"in Chennai, India",
151,marco,Q276510,8.0,"In 1949 and 1950, he traveled through Italy, Spain and Switzerland.  (Ernesto Cardenal)",he,,,,,traveled,,"through Italy, Spain and Switzerland",In 1949 and 1950
152,marco,Q3595202,68.0,"The Delhi court said, ""a woman has right to voice her grievance even after several years""  on the judgement.  (M. J. Akbar)",,,,,,,,,
153,marco,Q55831264,51.0,"Monks are given a one-month period during which they should close or deactivate any social media pages or accounts, and voluntarily relinquish such behaviour and activity as unworthy of monastic life, lest the Church takes necessary action against them.  (Anba Epiphanius)",,,,,,,,,
154,marco,Q91473126,264.0,"In June, after visiting one of the detention facilities near the border in San Diego, Harris became the first senator to demand Nielsen's resignation.  (Michael D. Harris)",the first senator,,demand,,,,,,In June
155,marco,Q91473126,264.0,"In June, after visiting one of the detention facilities near the border in San Diego, Harris became the first senator to demand Nielsen's resignation.  (Michael D. Harris)",,,visiting,,,,,in San Diego,after
156,marco,Q91473126,264.0,"In June, after visiting one of the detention facilities near the border in San Diego, Harris became the first senator to demand Nielsen's resignation.  (Michael D. Harris)",Harris,,,became,,,,,In June
157,marco,Q5948357,16.0,"Between 1982-84 he was a regular contributor to many newspapers in Latin America, through the Agencia Latinoamerica, based in Miami, Florida, US He was an economist in the department of developing countries for the American company Data Resources Inc., McGraw Hill, London and Boston (1985), specializing in the construction of macro-econometric models, among others Algeria    and South Africa  Between 1986 and 1987 he was a researcher at the Institute of World Economics, Institut für Weltwirtschaft, in Kiel, Germany.  (Juan Carlos Herken Krauer)",he,,,,,contributor,through the Agencia Latinoamerica,in Latin America,Between 1982-84
158,marco,Q5948357,16.0,"Between 1982-84 he was a regular contributor to many newspapers in Latin America, through the Agencia Latinoamerica, based in Miami, Florida, US He was an economist in the department of developing countries for the American company Data Resources Inc., McGraw Hill, London and Boston (1985), specializing in the construction of macro-econometric models, among others Algeria    and South Africa  Between 1986 and 1987 he was a researcher at the Institute of World Economics, Institut für Weltwirtschaft, in Kiel, Germany.  (Juan Carlos Herken Krauer)",He,,,,,economist,"for the American company Data Resources Inc., McGraw Hill",London and Boston,1985
159,marco,Q5948357,16.0,"Between 1982-84 he was a regular contributor to many newspapers in Latin America, through the Agencia Latinoamerica, based in Miami, Florida, US He was an economist in the department of developing countries for the American company Data Resources Inc., McGraw Hill, London and Boston (1985), specializing in the construction of macro-econometric models, among others Algeria    and South Africa  Between 1986 and 1987 he was a researcher at the Institute of World Economics, Institut für Weltwirtschaft, in Kiel, Germany.  (Juan Carlos Herken Krauer)",he,,,,,researcher,"at the Institute of World Economics, Institut für Weltwirtschaft","in Kiel, Germany",
160,marco,Q5948357,16.0,"Between 1982-84 he was a regular contributor to many newspapers in Latin America, through the Agencia Latinoamerica, based in Miami, Florida, US He was an economist in the department of developing countries for the American company Data Resources Inc., McGraw Hill, London and Boston (1985), specializing in the construction of macro-econometric models, among others Algeria    and South Africa  Between 1986 and 1987 he was a researcher at the Institute of World Economics, Institut für Weltwirtschaft, in Kiel, Germany.  (Juan Carlos Herken Krauer)",He,,,,,specializing,,,1985
161,marco,Q5948357,16.0,"Between 1982-84 he was a regular contributor to many newspapers in Latin America, through the Agencia Latinoamerica, based in Miami, Florida, US He was an economist in the department of developing countries for the American company Data Resources Inc., McGraw Hill, London and Boston (1985), specializing in the construction of macro-econometric models, among others Algeria    and South Africa  Between 1986 and 1987 he was a researcher at the Institute of World Economics, Institut für Weltwirtschaft, in Kiel, Germany.  (Juan Carlos Herken Krauer)",,,,,,construction,,,1985
162,marco,Q81849398,10.0,"Daivathinte Makal (Daughter of God), her first collection of poetry, has been included in the syllabus of a course at the Department of Malayalam at Madras University.  (Vijayarajamallika)",,her first collection,included,,,,at Madras University,,
163,marco,Q16633398,17.0,"Sami Said lives in Hägersten, Stockholm, with his wife, the literary critic Martina Lowden .  (Sami Said)",Sami Said,,,,,lives,,"in Hägersten, Stockholm",
164,marco,Q15146755,9.0,"After her PhD, Chutia continued her research at Dibrugarh University for another year as a CSIR-postdoctoral fellow.  (Joyanti Chutia)",her,,PhD,,,,,,
165,marco,Q15146755,9.0,"After her PhD, Chutia continued her research at Dibrugarh University for another year as a CSIR-postdoctoral fellow.  (Joyanti Chutia)",Chutia,,,continued,,research,at Dibrugarh University,,for another year
166,marco,Q27825849,11.0,"In 2013, in her role as an ambassador of MCHIP (Maternal and Child Health Integrated Program), she visited the communities of Amjiriganj and Nabiganj Upazilas, collecting background for the 50 success stories she is writing for the MaMoni Save the Children project.  (Shahnaz Munni)",her,,,,,role,of MCHIP,,In 2013
167,marco,Q27825849,11.0,"In 2013, in her role as an ambassador of MCHIP (Maternal and Child Health Integrated Program), she visited the communities of Amjiriganj and Nabiganj Upazilas, collecting background for the 50 success stories she is writing for the MaMoni Save the Children project.  (Shahnaz Munni)",she,,visited,,,,,of Amjiriganj and Nabiganj Upazilas,
168,marco,Q27825849,11.0,"In 2013, in her role as an ambassador of MCHIP (Maternal and Child Health Integrated Program), she visited the communities of Amjiriganj and Nabiganj Upazilas, collecting background for the 50 success stories she is writing for the MaMoni Save the Children project.  (Shahnaz Munni)",she,,collecting,,,,,,
169,marco,Q27825849,11.0,"In 2013, in her role as an ambassador of MCHIP (Maternal and Child Health Integrated Program), she visited the communities of Amjiriganj and Nabiganj Upazilas, collecting background for the 50 success stories she is writing for the MaMoni Save the Children project.  (Shahnaz Munni)",she,,,,,writing,for the MaMoni Save the Children project,,
170,marco,Q816459,230.0,"A HUD spokesman said that no one present thought Carson ""was equating voluntary immigration with involuntary servitude"".  (Ben Carson)",,Carson,,said,,,,,
171,marco,Q816459,230.0,"A HUD spokesman said that no one present thought Carson ""was equating voluntary immigration with involuntary servitude"".  (Ben Carson)",Carson,,,,,equating,,,
172,marco,Q25539791,7.0,"He was inclined towards studying Islamic sciences, and completed the traditional dars-e-nizami at the Madrasa Bait-ul-Uloom in Sarai Mir in four years.  (Hakim Muhammad Akhtar)",He,,completed,,,,at the Madrasa Bait-ul-Uloom,in Sarai Mir,in four years
173,marco,Q25539791,7.0,"He was inclined towards studying Islamic sciences, and completed the traditional dars-e-nizami at the Madrasa Bait-ul-Uloom in Sarai Mir in four years.  (Hakim Muhammad Akhtar)",He,,,,,inclined,,,
174,marco,Q5241313,54.0,"Wright participated in the 2006 Major League Baseball Japan All-Star Series along with teammates José Reyes, Julio Franco, and John Maine.  (David Wright)",Wright,,participated,,,,in the 2006 Major League Baseball Japan All-Star Series,,
175,marco,Q22687412,7.0,"In 2003 he obtained a doctorate degree in Arabic language and literature from the Lebanese University, specializing in Renaissance literature, after he submitted his thesis ""Love and death from the perspective of the biography between Egypt and Lebanon"" under the supervision of Dr. Antoine Maalouf, he got 17 out of 20 and was rated very well.  (Joseph Lebbos)",he,,obtained,,,,from the Lebanese University,,
176,marco,Q22687412,7.0,"In 2003 he obtained a doctorate degree in Arabic language and literature from the Lebanese University, specializing in Renaissance literature, after he submitted his thesis ""Love and death from the perspective of the biography between Egypt and Lebanon"" under the supervision of Dr. Antoine Maalouf, he got 17 out of 20 and was rated very well.  (Joseph Lebbos)",he,,submitted,,,,,,
177,marco,Q22687412,7.0,"In 2003 he obtained a doctorate degree in Arabic language and literature from the Lebanese University, specializing in Renaissance literature, after he submitted his thesis ""Love and death from the perspective of the biography between Egypt and Lebanon"" under the supervision of Dr. Antoine Maalouf, he got 17 out of 20 and was rated very well.  (Joseph Lebbos)",,he,got,,,,,,
178,marco,Q22687412,7.0,"In 2003 he obtained a doctorate degree in Arabic language and literature from the Lebanese University, specializing in Renaissance literature, after he submitted his thesis ""Love and death from the perspective of the biography between Egypt and Lebanon"" under the supervision of Dr. Antoine Maalouf, he got 17 out of 20 and was rated very well.  (Joseph Lebbos)",,he,rated,,,,,,
179,marco,Q22687412,7.0,"In 2003 he obtained a doctorate degree in Arabic language and literature from the Lebanese University, specializing in Renaissance literature, after he submitted his thesis ""Love and death from the perspective of the biography between Egypt and Lebanon"" under the supervision of Dr. Antoine Maalouf, he got 17 out of 20 and was rated very well.  (Joseph Lebbos)",he,,,,,specializing,,,
180,marco,Q42336680,9.0,Pillai is known for his debut non-fiction The Ivory Throne: Chronicles of the House of Travancore for which he won the Sahitya Akademi Yuva Puraskar in 2017.   (Manu S. Pillai),he,,won,,,,the Sahitya Akademi Yuva Puraskar,,in 2017
181,marco,Q42336680,9.0,Pillai is known for his debut non-fiction The Ivory Throne: Chronicles of the House of Travancore for which he won the Sahitya Akademi Yuva Puraskar in 2017.   (Manu S. Pillai),,Pillai,,,,known,,,
182,marco,Q7238560,23.0,"Joshi is known for creating brand-building work for multinational brands including Nestle, Coca cola, Microsoft, Mastercard, L’Oréal, Intel X Box, Reckitt Benckiser, Unilever, Perfetti, J&J, as well as Indian Brands like Britannia, Saffola, Dabur, ITC foods, TVS motors, Reliance, Reliance Jio, Paytm, RadioMirchi, and media brands like  NDTV India (Sach dikhate hain hum), Times Now, CNBC, CNN IBN, and the Cannes-winning Thanda matlab Coca-Cola campaign with Aamir Khan.   (Prasoon Joshi)",Joshi,,,,,creating,"Nestle, Coca cola, Microsoft, Mastercard, L’Oréal, Intel X Box, Reckitt Benckiser, Unilever, Perfetti, J&J",,
183,marco,Q7238560,23.0,"Joshi is known for creating brand-building work for multinational brands including Nestle, Coca cola, Microsoft, Mastercard, L’Oréal, Intel X Box, Reckitt Benckiser, Unilever, Perfetti, J&J, as well as Indian Brands like Britannia, Saffola, Dabur, ITC foods, TVS motors, Reliance, Reliance Jio, Paytm, RadioMirchi, and media brands like  NDTV India (Sach dikhate hain hum), Times Now, CNBC, CNN IBN, and the Cannes-winning Thanda matlab Coca-Cola campaign with Aamir Khan.   (Prasoon Joshi)",,Joshi,known,,,,,,
184,marco,Q273233,221.0,"The document asserted that the United States federal government, by its failure to act against lynching in the United States, was ""guilty of genocide"" under Article II of the UN Genocide Convention.  (Paul Robeson)",,,,,,,,,
185,marco,Q2627089,40.0,"In 2013, Divakaruni wrote the libretto to a chamber opera for Houston Grand Opera, River of Light, about the life of an Indian woman in Houston.  (Chitra Banerjee Divakaruni)",Divakaruni,,wrote,,,,for Houston Grand Opera,,In 2013
186,marco,Q23893509,2.0,"Batalha wrote for the newspapers O Dia, O Globo and Extra.  (Martha Batalha)",Batalha,,,,,wrote,"for the newspapers O Dia, O Globo and Extra",,
187,marco,Q4399874,67.0,"In September 2012, Barbosa was elected by ISTOÉ Gente one of the 25 sexiest women of Brazil.  (Marina Ruy Barbosa)",,Barbosa,elected,,,,by ISTOÉ Gente,of Brazil,In September 2012
188,marco,Q3187801,30.0,"The Dominican government through the Ministry of Economy, Planning and Development began a process of consulting and coordination with the participation of ""prime movers"" of the Dominican Republic, to define what would be the future of the country, leading to the preparation of a draft law to be submitted to the consideration of the Congress of the Dominican Republic for approval.  (Juan Temístocles Montás)",,,,,,,,,
189,marco,Q13070148,9.0,"Following the military-led 2021 Myanmar coup d'état, the Myanmar Armed Forces appointed Chit Hlaing as Pe Myint's successor on 1 February 2021.  (Pe Myint)",,,,,,,,,
190,marco,Q7841122,12.0,"The Village Voice placed it among the top 25 books of 1994, and the Before Columbus Foundation, in 1995, gave it an American Book Award.  (Tricia Rose)",,,,,,,,,
191,marco,Q57402,103.0,"In the weeks before the November election, Ortega gave a U.N. speech denouncing talks held in Rio de Janeiro on electoral reform.  (Daniel Ortega)",Ortega,,gave,,,,a U.N. speech,,
192,marco,Q57402,103.0,"In the weeks before the November election, Ortega gave a U.N. speech denouncing talks held in Rio de Janeiro on electoral reform.  (Daniel Ortega)",Ortega,,denouncing,,,,,,
193,marco,Q13119747,20.0,Sail received the Sahitya Akadami Award in Konkani language for his short story collection Taranga(तरंगा) in 1993.  (Mahabaleshwar Sail),,Sail,received,,,,the Sahitya Akadami Award,,in 1993
194,marco,Q7461048,0.0,Shafiq-ur-Rahman (Urdu:  شفیق الرحمن‎) (9 November 1920 – 19 March 2000) was a Pakistani humorist and a short-story writer of Urdu language.  (Shafiq-ur-Rahman (humorist)),Shafiq-ur-Rahman,,,,,humorist,,,
195,marco,Q7461048,0.0,Shafiq-ur-Rahman (Urdu:  شفیق الرحمن‎) (9 November 1920 – 19 March 2000) was a Pakistani humorist and a short-story writer of Urdu language.  (Shafiq-ur-Rahman (humorist)),Shafiq-ur-Rahman,,,,,writer,,,
196,marco,Q7322658,12.0,"In a deal brokered between the Government of Cuba and the Roman Catholic Church, González and 51 other ""Black Spring"" political prisoners and their families were released and sent to Spain.  (Ricardo González Alfonso)",Government of Cuba,González,released,,,,,,
197,marco,Q7322658,12.0,"In a deal brokered between the Government of Cuba and the Roman Catholic Church, González and 51 other ""Black Spring"" political prisoners and their families were released and sent to Spain.  (Ricardo González Alfonso)",,González,sent,,,,,to Spain,
198,marco,Q5620651,9.0,"After graduating from Stanford in 1990, instead of pursuing professional sports, he set his eyes on running for president of his native Equatorial Guinea with hopes of establishing freedom of speech, raising the standard of living and education.  (Gus Envela, Jr.)",he,,graduating,,,,from Stanford,,After
199,marco,Q5620651,9.0,"After graduating from Stanford in 1990, instead of pursuing professional sports, he set his eyes on running for president of his native Equatorial Guinea with hopes of establishing freedom of speech, raising the standard of living and education.  (Gus Envela, Jr.)",he,,running,,,,,of his native Equatorial Guinea,
200,marco,Q5620651,9.0,"After graduating from Stanford in 1990, instead of pursuing professional sports, he set his eyes on running for president of his native Equatorial Guinea with hopes of establishing freedom of speech, raising the standard of living and education.  (Gus Envela, Jr.)",he,,set,,,,,,
201,marco,Q5620651,9.0,"After graduating from Stanford in 1990, instead of pursuing professional sports, he set his eyes on running for president of his native Equatorial Guinea with hopes of establishing freedom of speech, raising the standard of living and education.  (Gus Envela, Jr.)",he,,,,,pursuing,,,
202,marco,Q12494572,7.0,"April 6, 2018, he participated in the meeting of the President of Indonesia Joko Widodo with a group of Indonesian writers in the State Palace in Jakarta.  (Lesik Kati Ara)",he,,participated,,,,,in Jakarta,"April 6, 2018"
203,marco,Q5933883,3.0,"The son of a Spanish diplomat, he spent his childhood traveling from Portugal to France to Belgium and Morocco.  (Jomí García Ascot)",he,,,,,spent,,Portugal,
204,marco,Q5933883,3.0,"The son of a Spanish diplomat, he spent his childhood traveling from Portugal to France to Belgium and Morocco.  (Jomí García Ascot)",he,,,,,traveling,,from Portugal to France to Belgium and Morocco,
205,marco,Q131814,340.0,"In the Soka Gakkai tradition, we are taught how to sing it.  (Tina Turner)",,,,,,,,,
206,marco,Q291068,159.0,"She used her access to form a coalition of leaders from black organizations called the Federal Council of Negro Affairs, but which came to be known as the Black Cabinet.  (Mary McLeod Bethune)",She,,form,,,,the Black Cabinet,,
207,marco,Q291068,159.0,"She used her access to form a coalition of leaders from black organizations called the Federal Council of Negro Affairs, but which came to be known as the Black Cabinet.  (Mary McLeod Bethune)",,a coalition,,,,called,the Federal Council of Negro Affairs,,
208,marco,Q291068,159.0,"She used her access to form a coalition of leaders from black organizations called the Federal Council of Negro Affairs, but which came to be known as the Black Cabinet.  (Mary McLeod Bethune)",,a coalition,,,,known,as the Black Cabinet,,
209,marco,Q291068,159.0,"She used her access to form a coalition of leaders from black organizations called the Federal Council of Negro Affairs, but which came to be known as the Black Cabinet.  (Mary McLeod Bethune)",She,,used,,,,,,
210,marco,Q3660881,4.0,"Tawfiq wrote articles for the ""Culture"" section of the Qatar-based Ash-Sharq journal.  (Hasan Tawfiq)",Tawfiq,,,,,wrote,of the Qatar-based Ash-Sharq journal,,
211,marco,Q3565066,3.0,"Wafaa Abed Al Razzaq participated in a lot of poetry festivals and in the foundation of: From the Dairy of the War Chilled, translated from Arabic to French by Hédia DRIDI, co-revised by Josyane De Jesus-Bergey et Mohamed Rafrafi and published by L'Harmattan Edition, Paris December 2008, with the title: Mémoires de l'enfant de la guerre – Ne volez pas ma voix.  (Wafaa Abed Al Razzaq)",Wafaa Abed Al Razzaq,,,,,participated,,,
212,marco,Q3565066,3.0,"Wafaa Abed Al Razzaq participated in a lot of poetry festivals and in the foundation of: From the Dairy of the War Chilled, translated from Arabic to French by Hédia DRIDI, co-revised by Josyane De Jesus-Bergey et Mohamed Rafrafi and published by L'Harmattan Edition, Paris December 2008, with the title: Mémoires de l'enfant de la guerre – Ne volez pas ma voix.  (Wafaa Abed Al Razzaq)",,Mémoires de l'enfant de la guerre – Ne volez pas ma voix,published,,,,by L'Harmattan Edition,Paris,December 2008
213,marco,Q547996,28.0,"He is currently involved in teaching AIDS awareness to children and education in the use of condoms, travelling to schools all over South Africa to spread the message of safe, responsible sex.  (Pieter-Dirk Uys)",He,,,,,teaching,,,currently
214,marco,Q547996,28.0,"He is currently involved in teaching AIDS awareness to children and education in the use of condoms, travelling to schools all over South Africa to spread the message of safe, responsible sex.  (Pieter-Dirk Uys)",He,,,,,travelling,,all over South Africa,currently
215,marco,Q547996,28.0,"He is currently involved in teaching AIDS awareness to children and education in the use of condoms, travelling to schools all over South Africa to spread the message of safe, responsible sex.  (Pieter-Dirk Uys)",He,,,,,spread,,,currently
216,marco,Q547996,28.0,"He is currently involved in teaching AIDS awareness to children and education in the use of condoms, travelling to schools all over South Africa to spread the message of safe, responsible sex.  (Pieter-Dirk Uys)",He,,involved,,,,,,currently
217,marco,Q2876541,3.0,"He is regarded as one of the Promoción del 50, a group of 1950's poets, mainly from the Academia Universitaria and the Faculty of Philosophy in Asunción who wrote socially engaged poetry during Alfredo Stroessner's dictatorship (1954–1989).   (José Ricardo Mazó)",,He,,,regarded,,,,
218,marco,Q2876541,3.0,"He is regarded as one of the Promoción del 50, a group of 1950's poets, mainly from the Academia Universitaria and the Faculty of Philosophy in Asunción who wrote socially engaged poetry during Alfredo Stroessner's dictatorship (1954–1989).   (José Ricardo Mazó)",a group of 1950's poets,,,,,wrote,from the Academia Universitaria and the Faculty of Philosophy,in Asunción,
219,marco,Q7261349,11.0,"His first solo painting exhibition was held in British Council, Kolkata in 1982.  (Purnendu Pattrea)",,His first solo painting exhibition,held,,,,,"in British Council, Kolkata",in 1982
220,marco,Q17300342,17.0,"In 2008, she was named the Shirley Carter Burden Visiting Professor of Photography at Harvard University.  (Catherine Lord)",,she,named,,,,at Harvard University,,In 2008
221,marco,Q3416439,7.0,"She also worked for the Rajiv Gandhi Foundation, where she started up the Interact project for the education of the children of the victims of terrorism in different parts of India.  (Radhika Jha)",She,,,,,worked,for the Rajiv Gandhi Foundation,,
222,marco,Q3416439,7.0,"She also worked for the Rajiv Gandhi Foundation, where she started up the Interact project for the education of the children of the victims of terrorism in different parts of India.  (Radhika Jha)",she,,,started,,,Rajiv Gandhi Foundation,in different parts of India,
223,marco,Q1975502,25.0,In 1995 he was re-elected to the Armenian Parliament as a leader of the UNSD faction.  (Paruyr Hayrikyan),,he,re-elected,,,,to the Armenian Parliament,,In 1995
224,marco,Q27783614,24.0,"As it made its way southward toward Saigon, the dish became sweeter and spicier and more cosmopolitan, with custom additions of sauces and herbs, representing the more capitalist influences of the commercialized south.  (Andrea Nguyen)",,,,,,,,,
225,marco,Q244968,200.0,"Indian officials who attended the funeral included central minister Subodh Kant Sahay; Vishwa Hindu Parishad (VHP) leader Ashok Singhal; and former Uttar Pradesh assembly speaker and state BJP leader Keshri Nath Tripathi, as well as top local officials.  (Maharishi Mahesh Yogi)",,,,,,,,,
226,marco,Q217154,100.0,"Mousavi criticized the then-current conservative President, Mahmoud Ahmadinejad, for his alleged economic mismanagement, asking, when Iran ""was making profits from the high prices of oil, did he (Ahmadinejad) envisage a situation when the prices would fall?""  (Mir-Hossein Mousavi)",Mousavi,,criticized,,,,,,
227,marco,Q217154,100.0,"Mousavi criticized the then-current conservative President, Mahmoud Ahmadinejad, for his alleged economic mismanagement, asking, when Iran ""was making profits from the high prices of oil, did he (Ahmadinejad) envisage a situation when the prices would fall?""  (Mir-Hossein Mousavi)",Mousavi,,,,asking,,,,
228,marco,Q1377706,33.0,"After a brief time in Toronto, he moved to Temagami (Tema-Augama), Northern Ontario, where he worked as a fur trapper, a wilderness guide at Keewaydin camp, and a forest ranger.  (Grey Owl)",he,,,,,time,,in Toronto,After
229,marco,Q1377706,33.0,"After a brief time in Toronto, he moved to Temagami (Tema-Augama), Northern Ontario, where he worked as a fur trapper, a wilderness guide at Keewaydin camp, and a forest ranger.  (Grey Owl)",he,,moved,,,,,to Temagami,
230,marco,Q1377706,33.0,"After a brief time in Toronto, he moved to Temagami (Tema-Augama), Northern Ontario, where he worked as a fur trapper, a wilderness guide at Keewaydin camp, and a forest ranger.  (Grey Owl)",he,,,,,worked,,Temagami,
231,marco,Q93356,103.0,He was on holiday in Greece with his wife when the news broke.  (Seamus Heaney),He,,,,,was,,in Greece,
232,marco,Q130631,187.0,Alan Bass was responsible for several early translations; Bennington and Peggy Kamuf have continued to produce translations of his work for nearly twenty years.  (Jacques Derrida),,,,,,,,,
233,marco,Q98593460,5.0,Neal started modeling for Shiseido and Pond's skin-care ads.  (Diane M. Burns),Neal,,,started,,modeling,for Shiseido and Pond,,
234,marco,Q555578,56.0,Many Mexican celebrities and Chespirito's former co-stars took to Twitter to express their feelings and send their condolences to Chespirito's widow and family.  (Chespirito),,,,,,,,,
235,marco,Q171905,79.0,"On October 7, the RCA Music Group announced that it was disbanding J Records along with Arista Records and Jive Records, meaning that all artists (including Foxx) previously signed to the three labels will release their future material on the RCA Records brand.  (Jamie Foxx)",,all artists,,,announced,,RCA Music Group,,On October 7
236,marco,Q171905,79.0,"On October 7, the RCA Music Group announced that it was disbanding J Records along with Arista Records and Jive Records, meaning that all artists (including Foxx) previously signed to the three labels will release their future material on the RCA Records brand.  (Jamie Foxx)",all artists,,release,,,,on the RCA Records brand,,
237,marco,Q171905,79.0,"On October 7, the RCA Music Group announced that it was disbanding J Records along with Arista Records and Jive Records, meaning that all artists (including Foxx) previously signed to the three labels will release their future material on the RCA Records brand.  (Jamie Foxx)",,Foxx,,,,including,,,
238,marco,Q171905,79.0,"On October 7, the RCA Music Group announced that it was disbanding J Records along with Arista Records and Jive Records, meaning that all artists (including Foxx) previously signed to the three labels will release their future material on the RCA Records brand.  (Jamie Foxx)",all artists,,signed,,,,,,
239,marco,Q278075,7.0,"On finishing school, he won the first prize in an all-India essay competition on the Tokyo Olympics.  (Prakash Karat)",he,,finishing,,,,,,
240,marco,Q278075,7.0,"On finishing school, he won the first prize in an all-India essay competition on the Tokyo Olympics.  (Prakash Karat)",he,,won,,,,on the Tokyo Olympics,,
241,marco,Q187413,317.0,"She said (speaking of the three leaders who received the reward on this day): ""All three leaders have been staunch allies of the United States, particularly in combating terrorism"".  (Álvaro Uribe Vélez)",She,,,,said,allies,,,
242,marco,Q59630831,5.0,"While a student, he joined the Seaman's Union.  (John Gordon Davis)",he,,,,,student,,,
243,marco,Q59630831,5.0,"While a student, he joined the Seaman's Union.  (John Gordon Davis)",he,,joined,,,,the Seaman's Union,,
244,marco,Q7286238,66.0,"Douglas R. Groothuis, professor of philosophy at Denver Seminary, says that ""Yoga was a Hindu practice structured to help people attain a higher spiritual state within, and that is incompatible with Christian teachings"", further he adds, ""I don't think Christian Yoga works, It's an oxymoron"".  (Rajiv Malhotra)",,,,,,,,,
245,marco,Q13564524,9.0,He had written many poems about river Pamba since he spent his childhood days playing on the shores of Pampa.  (Nellikkal Muraleedharan),He,,,,,written,,,
246,marco,Q13564524,9.0,He had written many poems about river Pamba since he spent his childhood days playing on the shores of Pampa.  (Nellikkal Muraleedharan),he,,spent,,,,,,
247,marco,Q13564524,9.0,He had written many poems about river Pamba since he spent his childhood days playing on the shores of Pampa.  (Nellikkal Muraleedharan),he,,playing,,,,,on the shores of Pampa,
248,marco,Q3632568,17.0,This book is included in the University of Mumbai's syllabus.  (Shantabai Kamble),,This book,included,,,,in the University of Mumbai's syllabus,,
249,marco,Q274060,31.0,"In 1986 she set out for England, where she worked as a Cultural Associate in the Mexican Embassy in London, until 1988.  (Margo Glantz)",she,,set,,,,,for England,In 1986
250,marco,Q274060,31.0,"In 1986 she set out for England, where she worked as a Cultural Associate in the Mexican Embassy in London, until 1988.  (Margo Glantz)",she,,worked,,,,in the Mexican Embassy,in London,until 1988
251,marco,Q33979070,18.0,"She went for further studies at the University of Nigeria, (UNN), Nsukka, Enugu, graduating with a bachelor's degree (Second-Class Upper Division) in Education and English.   (Joy Chinwe Eyisi)",She,,went,,,,,,
252,marco,Q33979070,18.0,"She went for further studies at the University of Nigeria, (UNN), Nsukka, Enugu, graduating with a bachelor's degree (Second-Class Upper Division) in Education and English.   (Joy Chinwe Eyisi)",She,,,further,,studies,"at the University of Nigeria, (UNN)","Nsukka, Enugu",
253,marco,Q33979070,18.0,"She went for further studies at the University of Nigeria, (UNN), Nsukka, Enugu, graduating with a bachelor's degree (Second-Class Upper Division) in Education and English.   (Joy Chinwe Eyisi)",She,,graduating,,,,"at the University of Nigeria, (UNN)",,
254,marco,Q3645559,3.0,"They currently reside in Los Angeles, United States.  (Bruna Lombardi)",They,,,,,reside,,"in Los Angeles, United States",
255,marco,Q6372439,50.0,"DeLilah Mosby and her daughter, Selma, meet difficulties with backbone and resolve to make a home for themselves in the city, and Selma has a baby, Chloe.  (Karla F.C. Holloway)",,,,,,,,,
256,marco,Q5415581,17.0,"With her he had four children: Tifara, Eva, Rachel, and Evan ""Mose"" Hyde (DJ and manager of Krem Television).  (Evan X Hyde)",he,,had,,,,,,
257,marco,Q16185257,6.0,"His most notable works include two poems, Tab Tumhari Nishtha Kya Hogi and Shambook, besides a criticism titled Philosophy of Dalit Literature.  (Kanwal Bharti)",His most notable works,,,,,include,,,
258,marco,Q20882463,11.0,His parents were British expatriates living in Nigeria where his father was a Methodist lay preacher who travelled around the country evangelising.  (Malcolm Guite),,,,,,,,,
259,marco,Q4700421,13.0,"Besides he has worked as an honorary editor of Malayalam Publications and Olive Publications, Kozhikode.  (Akbar Kakkattil)",he,,,,,worked,"of Malayalam Publications and Olive Publications, Kozhikode",,
260,marco,Q3082457,16.0,"In the summer of 2000, Aslan and fellow writer Hamdi Abu Golail were subjected to a lawsuit by a maverick Islamist lawyer following a campaign of agitation by the newspaper Al-Shaab.  (Ibrahim Aslan)",,Aslan,subjected,,,,,,In the summer of 2000
261,marco,Q1331214,21.0,The Tantanoola Tiger is set in southeast South Australia in 1900.  (Elizabeth Haran),,,,,,,,,
262,marco,Q23020990,20.0,He was mentioned as a possible presidential pick after the NLD won a sweeping victory in the 2015 general election.  (Htin Kyaw),He,,,,mentioned,pick,,,
263,marco,Q7357167,22.0,"In 2007, Visor Editores from Spain published his ""Poesía Completa"".  (Rodolfo Hinostroza)",,"his ""Poesía Completa""",published,,,,Visor Editores,,In 2007
264,marco,Q6003114,37.0,"Moreno's stories, including the first lines of the final text, were compiled in the volume Cuentos Completos, published by Editorial Norma in 2001, within the collection La Otra Orilla.  (Marvel Moreno)",,Moreno's stories,compiled,,,,,,
265,marco,Q6003114,37.0,"Moreno's stories, including the first lines of the final text, were compiled in the volume Cuentos Completos, published by Editorial Norma in 2001, within the collection La Otra Orilla.  (Marvel Moreno)",Moreno's stories,,published,,,,by Editorial Norma,,in 2001
266,marco,Q20740929,29.0,"In the fall of 2010, Hamilton served as a Public Media Corps (PMC) Fellow which allowed her to promote social media tools to underserved communities.  (Robin N. Hamilton)",Hamilton,,,,,served,as a Public Media Corps (PMC) Fellow,,In the fall of 2010
267,marco,Q20740929,29.0,"In the fall of 2010, Hamilton served as a Public Media Corps (PMC) Fellow which allowed her to promote social media tools to underserved communities.  (Robin N. Hamilton)",,her,allowed,,,,,,
268,marco,Q20740929,29.0,"In the fall of 2010, Hamilton served as a Public Media Corps (PMC) Fellow which allowed her to promote social media tools to underserved communities.  (Robin N. Hamilton)",her,,promote,,,,,,
269,marco,Q4850059,17.0,He was made the Producer Emeritus of Akashavani in 1982.  (Balantrapu Rajanikanta Rao),,He,made,,,,,,in 1982
270,marco,Q4832510,10.0,Twilight is published by Text Publishing in Australia and by Viking Penguin in the United States and India.  (Azhar Abidi),,Twilight,published,,,,by Text Publishing,in Australia,
271,marco,Q3613634,3.0,He graduated with a degree in philosophy from the University of Algiers.  (Amara Lakhous),He,,graduated,,,,from the University of Algiers,,
272,marco,Q3780447,2.0,"Barros was born in Cuiabá, and is regarded by critics as one of the great names of contemporary Brazilian poetry, and by many authors he has been considered the greatest living poet from Brazil.  (Manoel de Barros)",Barros,,born,,,,,in Cuiabá,
273,marco,Q3780447,2.0,"Barros was born in Cuiabá, and is regarded by critics as one of the great names of contemporary Brazilian poetry, and by many authors he has been considered the greatest living poet from Brazil.  (Manoel de Barros)",,Barros,,,regarded,names,,,
274,marco,Q3780447,2.0,"Barros was born in Cuiabá, and is regarded by critics as one of the great names of contemporary Brazilian poetry, and by many authors he has been considered the greatest living poet from Brazil.  (Manoel de Barros)",,he,,,considered,poet,,from Brazil,
275,marco,Q6177145,1.0,"Jefferson resides in Portland, Oregon.  (Jemiah Jefferson)",Jefferson,,,,,resides,,"in Portland, Oregon",
276,marco,Q188803,110.0,"From November 1974 through December 1983, 49 consecutive heterotopic heart transplants on 43 patients were performed at Groote Schuur.  (Christiaan Barnard)",,,,,,,,,
277,marco,Q48868,60.0,This is a theme Illouz has developed especially since becoming a member of the Center for the Study for Rationality at the Hebrew University in 2006.  (Eva Illouz),Illouz,,developed,,,,,,
278,marco,Q48868,60.0,This is a theme Illouz has developed especially since becoming a member of the Center for the Study for Rationality at the Hebrew University in 2006.  (Eva Illouz),Illouz,,,becoming,,member,at the Hebrew University,,in 2006
279,marco,Q1372674,179.0,"He founded the Council for Black Education and Research, an independent project for alternative education involving young adults.  (Es'kia Mphahlele)",He,,founded,,,,the Council for Black Education and Research,,
280,marco,Q3546717,9.0,"In 1992, Dong Abay, Eric Gancio and Larry Mapolon met in Patatag, a progressive vocal ensemble.  (Dong Abay)",Dong Abay,,met,,,,,In 1992,
281,marco,Q2214373,2.0,"A pensioner at the French Academy in Rome in 2005, he now lives and works in Paris.  (Salim Bachi)",,,pensioner,,,,at the French Academy,in Rome,in 2005
282,marco,Q2214373,2.0,"A pensioner at the French Academy in Rome in 2005, he now lives and works in Paris.  (Salim Bachi)",he,,,,,lives,,in Paris,
283,marco,Q2214373,2.0,"A pensioner at the French Academy in Rome in 2005, he now lives and works in Paris.  (Salim Bachi)",he,,,,,works,,in Paris,
284,marco,Q1091045,21.0,"Birdsell's first book, a collections of interconnected short stories, Night Travellers(1982), is set in the imaginary Manitoba town of Agassiz, and concerns the large Lafreniere family: the teenaged sisters Betty, Lureen and Truda, their Mennonite mother Mika and their Métis father Maurice and the girls’ maternal grandparents, Oma and Opa Thiessen.  (Sandra Birdsell)",,,,,,,,,
285,marco,Q27057673,23.0,His article on Baobab in 2002 won an award in the International Federation of Environmental Journalists contest organized by Conservation International.  (Kofi Akpabli),His article on Baobab,,won,,,,in the International Federation of Environmental Journalists contest,,in 2002
286,marco,Q5218675,9.0,"Hours before Sada's death, he was awarded Mexico's prestigious National Prize for Arts and Sciences in the Literature category.  (Daniel Sada)",Sada's,,death,,,,,,
287,marco,Q511432,30.0,"It is a short, one-act play set in Kentucky, centering around the lives of a couple, Mare and Lucius, who have been married for 110 years.  (Suzan-Lori Parks)",,,,,,,,,
288,marco,Q4737563,8.0,"He has taught at California Polytechnic State University in San Luis Obispo, California, Escuela Tlatelolco in Denver, Colorado, and at the University of Texas at Austin.  (Alurista)",He,,,,,taught,at California Polytechnic State University,"in San Luis Obispo, California",
289,marco,Q10340236,3.0,She completed her secondary studies at the National Lyceum Kwame N'Krumah.  (Odete Semedo),,,completed,,,,at the National Lyceum Kwame N'Krumah,,
290,marco,Q231276,210.0,"The concert was organized by Amnesty International and also featured Bono, Damien Rice, Vanessa Redgrave and many others.  (Angélique Kidjo)",,,,,,,,,
291,marco,Q2722085,206.0,"As the protests turned violent, Bedi received threats that her house would be set on fire.  (Kiran Bedi)",,Bedi,received,,,,,,
292,marco,Q528185,28.0,"Television could be a splendid forum so public figures and citizens in general (students, scholars, business, military, and religious people, workers, and farmers) can debate (not just talk) about urgent subjects on our public agenda.He debuted on television in 1987 as the author of the series Biografía del Poder (Biography of Power), produced by the Film Production Center, and transmitted through the state’s network Imevisión.  (Enrique Krauze)",He,,debuted,,,,,,in 1987
293,marco,Q528185,28.0,"Television could be a splendid forum so public figures and citizens in general (students, scholars, business, military, and religious people, workers, and farmers) can debate (not just talk) about urgent subjects on our public agenda.He debuted on television in 1987 as the author of the series Biografía del Poder (Biography of Power), produced by the Film Production Center, and transmitted through the state’s network Imevisión.  (Enrique Krauze)",,the series Biografía del Poder,produced,,,,by the Film Production Center,,
294,marco,Q528185,28.0,"Television could be a splendid forum so public figures and citizens in general (students, scholars, business, military, and religious people, workers, and farmers) can debate (not just talk) about urgent subjects on our public agenda.He debuted on television in 1987 as the author of the series Biografía del Poder (Biography of Power), produced by the Film Production Center, and transmitted through the state’s network Imevisión.  (Enrique Krauze)",the series Biografía del Poder,,transmitted,,,,through the state’s network Imevisión,,
295,marco,Q528185,28.0,"Television could be a splendid forum so public figures and citizens in general (students, scholars, business, military, and religious people, workers, and farmers) can debate (not just talk) about urgent subjects on our public agenda.He debuted on television in 1987 as the author of the series Biografía del Poder (Biography of Power), produced by the Film Production Center, and transmitted through the state’s network Imevisión.  (Enrique Krauze)",He,,,,,author,,,
296,marco,Q244968,22.0,"Authors Paul Mason and William Jefferson say that he was born 12 January 1917 in Jabalpur, Central Provinces, British India (now Madhya Pradesh, India).  (Maharishi Mahesh Yogi)",,he,,say,,,,,
297,marco,Q244968,22.0,"Authors Paul Mason and William Jefferson say that he was born 12 January 1917 in Jabalpur, Central Provinces, British India (now Madhya Pradesh, India).  (Maharishi Mahesh Yogi)",he,,born,,,,,in Jabalpur,12 January 1917
298,marco,Q7554626,17.0,"Sohail Warraich is widely considered to be an authority on Punjab's political families, clans or 'biradari' system voting trend prevalent in Punjab's election politics.  (Sohail Warraich)",,Sohail Warraich,,,considered,authority,,,
299,marco,Q982365,16.0,"He traveled widely; besides Iquitos, Lima, and Cuzco in Peru, he has resided in London, Paris, Rome, Madrid, and Barcelona.  (César Calvo)",He,,,,,traveled,,,
300,marco,Q982365,16.0,"He traveled widely; besides Iquitos, Lima, and Cuzco in Peru, he has resided in London, Paris, Rome, Madrid, and Barcelona.  (César Calvo)",he,,,,,resided,,"in London, Paris, Rome, Madrid, and Barcelona",
301,marco,Q16214533,24.0,Netflix has announced a webseries on the book.  (Anand Neelakantan),,,,,,,,,
302,marco,Q2975569,6.0,He later received an honorary doctorate of laws from Dickinson School of Law in 1978.  (Clarence Muse),,He,received,,,,from Dickinson School of Law,,in 1978
303,marco,Q6450075,18.0,"In 2018, Dawes was elected a Chancellor of the Academy of American Poets.  (Kwame Dawes)",,Dawes,elected,,,,of the Academy of American Poets,,In 2018
304,marco,Q25324743,4.0,"He attended college at Western Kentucky University, then earned an MFA at Rutgers University–Newark.  (Saeed Jones)",He,,,,,attended,at Western Kentucky University,,
305,marco,Q25324743,4.0,"He attended college at Western Kentucky University, then earned an MFA at Rutgers University–Newark.  (Saeed Jones)",He,,earned,,,,at Rutgers University,Newark,
306,marco,Q61483352,3.0,She escaped the country and spent several years travelling through Africa before being granted a refugee visa to the United States.  (Clemantine Wamariya),She,,escaped,,,,,,
307,marco,Q61483352,3.0,She escaped the country and spent several years travelling through Africa before being granted a refugee visa to the United States.  (Clemantine Wamariya),She,,,,,spent,,,
308,marco,Q61483352,3.0,She escaped the country and spent several years travelling through Africa before being granted a refugee visa to the United States.  (Clemantine Wamariya),She,,,,,travelling,,through Africa,
309,marco,Q61483352,3.0,She escaped the country and spent several years travelling through Africa before being granted a refugee visa to the United States.  (Clemantine Wamariya),,She,granted,,,,,to the United States,
310,marco,Q27618910,8.0,"Other important works include: Tras las Huellas de Mi Olvido, La Sonámbula and Tu Ropa en mi Armario.  (Bibiana Camacho)",,,,,,,,,
311,marco,Q793985,6.0,"In 2017, he received the Padma Vibhushan, India's second-highest civilian award, from the Government of India for his contributions to social welfare.  (Jaggi Vasudev)",,he,received,,,,from the Government of India,India's,In 2017
312,marco,Q793985,6.0,"In 2017, he received the Padma Vibhushan, India's second-highest civilian award, from the Government of India for his contributions to social welfare.  (Jaggi Vasudev)",his,,contributions,,,,,,
313,marco,Q9008081,26.0,In 1989 he became adjunct professor at the Instituto de Investigaciones Económicas at UNAM.  (Imanol Ordorika Sacristán),,,,became,,professor,at the Instituto de Investigaciones Económicas at UNAM,,In 1989
314,marco,Q56469858,15.0,"While working as an assistant librarian at Tougaloo in 1966, Brocks-Shedd met writer-in-residence Audre Lorde; Lorde encouraged her to submit her poems to the college's literary magazine, Pound.  (Virgia Brocks-Shedd)",Brocks-Shedd,,,,,working,,at Tougaloo,in 1966
315,marco,Q56469858,15.0,"While working as an assistant librarian at Tougaloo in 1966, Brocks-Shedd met writer-in-residence Audre Lorde; Lorde encouraged her to submit her poems to the college's literary magazine, Pound.  (Virgia Brocks-Shedd)",Brocks-Shedd,,met,,,,,at Tougaloo,in 1966
316,marco,Q56469858,15.0,"While working as an assistant librarian at Tougaloo in 1966, Brocks-Shedd met writer-in-residence Audre Lorde; Lorde encouraged her to submit her poems to the college's literary magazine, Pound.  (Virgia Brocks-Shedd)",,her,encouraged,,,,,,
317,marco,Q56469858,15.0,"While working as an assistant librarian at Tougaloo in 1966, Brocks-Shedd met writer-in-residence Audre Lorde; Lorde encouraged her to submit her poems to the college's literary magazine, Pound.  (Virgia Brocks-Shedd)",her,,submit,,,,,,
318,marco,Q734092,20.0,"His first book Huerto Cerrado published in 1968, was a finalist for the Casa de las Américas literary prize awarded in Cuba and is a collection of short stories written in different styles and points of view about a young protagonist, Manolo, a member of Lima's upper class, as he comes of age in 1950s Lima.   (Alfredo Bryce Echenique)",,His first book Huerto Cerrado,published,,,,,,in 1968
319,marco,Q734092,20.0,"His first book Huerto Cerrado published in 1968, was a finalist for the Casa de las Américas literary prize awarded in Cuba and is a collection of short stories written in different styles and points of view about a young protagonist, Manolo, a member of Lima's upper class, as he comes of age in 1950s Lima.   (Alfredo Bryce Echenique)",His first book Huerto Cerrado,,,,,finalist,for the Casa de las Américas literary prize,in Cuba,
320,marco,Q734092,20.0,"His first book Huerto Cerrado published in 1968, was a finalist for the Casa de las Américas literary prize awarded in Cuba and is a collection of short stories written in different styles and points of view about a young protagonist, Manolo, a member of Lima's upper class, as he comes of age in 1950s Lima.   (Alfredo Bryce Echenique)",His first book Huerto Cerrado,,,,,collection,,,
321,marco,Q2940723,9.0,"At the age of 22, he visited St. Kitts for the first time since his family had left the island in 1958.  (Caryl Phillips)",he,,visited,,,,,St. Kitts,At the age of 22
322,marco,Q2940723,9.0,"At the age of 22, he visited St. Kitts for the first time since his family had left the island in 1958.  (Caryl Phillips)",his family,,left,,,,,St. Kitts,in 1958
323,marco,Q5321846,13.0,"He is former chair of the Humanities Council of Washington, D.C., and has served on the boards of the AWP, the Edmund Burke School, PEN American Center, PEN/Faulkner Foundation, and the Washington Area Lawyer for the Arts (WALA).  (E. Ethelbert Miller)",He,,,,,chair,"of the Humanities Council of Washington, D.C.",,
324,marco,Q5321846,13.0,"He is former chair of the Humanities Council of Washington, D.C., and has served on the boards of the AWP, the Edmund Burke School, PEN American Center, PEN/Faulkner Foundation, and the Washington Area Lawyer for the Arts (WALA).  (E. Ethelbert Miller)",He,,,,,served,"of the AWP, the Edmund Burke School, PEN American Center, PEN/Faulkner Foundation, and the Washington Area Lawyer for the Arts (WALA)",,
325,marco,Q2293786,1.0,"He lived in Milan, where he amassed a large collection of Dada and Surrealist art, including many works by personal friends such as Marcel Duchamp, André Breton, Man Ray, and Jean Arp.  (Arturo Schwarz)",He,,,,,lived,,in Milan,
326,marco,Q2293786,1.0,"He lived in Milan, where he amassed a large collection of Dada and Surrealist art, including many works by personal friends such as Marcel Duchamp, André Breton, Man Ray, and Jean Arp.  (Arturo Schwarz)",he,,,,,amassed,,in Milan,
327,marco,Q47250539,31.0,The LSA organizes the annual Lagos Conference held in Lagos (Nigeria) and holds panels at international conferences of the African Studies Association of the United States and the African Studies Association of the United Kingdom.  (Saheed Aderinto),The LSA,,organizes,,,,in Lagos,,
328,marco,Q47250539,31.0,The LSA organizes the annual Lagos Conference held in Lagos (Nigeria) and holds panels at international conferences of the African Studies Association of the United States and the African Studies Association of the United Kingdom.  (Saheed Aderinto),The LSA,,holds,,,,of the African Studies Association of the United States and the African Studies Association of the United Kingdom,,
329,marco,Q7387136,4.0,"The novel won the SABC/You magazine I am a writer Competition in 2007, as well as the MER Prize for Best Youth Novel at the Mnet Via Afrika Awards in 2008.  (S.A. Partridge)",The novel,,won,,,,the SABC/You magazine I am a writer Competition,,in 2007
330,marco,Q7387136,4.0,"The novel won the SABC/You magazine I am a writer Competition in 2007, as well as the MER Prize for Best Youth Novel at the Mnet Via Afrika Awards in 2008.  (S.A. Partridge)",The novel,,won,,,,at the Mnet Via Afrika Awards,,in 2008
331,marco,Q356719,11.0,"Following the Nissan financial turnaround, in 2002 Fortune awarded him Asia Businessman of the Year.  (Carlos Ghosn)",,him,awarded,,,,Fortune,,in 2002
332,marco,Q6917645,1.0,He was born in Srinagar to a Kashmiri Hindu family and attended Jammu and Kashmir University.  (Moti Lal Kemmu),,He,born,,,,,in Srinagar,
333,marco,Q6917645,1.0,He was born in Srinagar to a Kashmiri Hindu family and attended Jammu and Kashmir University.  (Moti Lal Kemmu),He,,,,,attended,Jammu and Kashmir University,,
334,marco,Q11276875,6.0,Katoppo died in Bogor on 12 October 2007.  (Marianne Katoppo),Katoppo,,died,,,,,in Bogor,on 12 October 2007
335,marco,Q286022,209.0,He continues to be both a Chicago Bulls and Chicago Bears fan.  (Common),He,,,continues,,fan,,,
336,marco,Q164886,53.0,"Poland joined Iceland and Slovakia as the only three countries in Europe to offer HIV testing prior to entry for all migrants on arrival, with other EU countries limiting their tests to specific ethnic groups, mostly from sub-Saharan Africa, Asia, and Eastern Europe.  (Simon Mol)",,,,,,,,,
337,marco,Q982876,49.0,The Central Committee plans to make use of his absence from mainstream life into an act of abduction by the Government.  (Lewis Nkosi),his,,absence,,,,,,
338,marco,Q12455087,40.0,"Suee explores a number of areas in the lives of injecting drug users including treatment, care, peer and community support, rehabilitation and the workplace, and was produced in partnership with the Mumbai-based NGO Sankalp Rehabilitation Trust.  (Sai Paranjpye)",,,,,,,,,
339,marco,Q7369943,10.0,Lima went on to earn a PhD in linguistics from the University of Texas Rio Grande Valley.  (Rossy Evelin Lima),Lima,,earn,went,,,from the University of Texas Rio Grande Valley,,
340,marco,Q7281962,22.0,"The high point of the Urdu Language Center was organizing the First International Urdu Conference, was held at the UNO's headquarters, on 24 June 2000, under the auspices of the United Nations.  (Raees Warsi)",,,,,,,,,
341,marco,Q105725361,16.0,"In August 2020, Aisha Salaudeen made the British Vogue list of 50 Trailblazing Creatives And Young Activists From Across.  (Aisha Salaudeen)",Aisha Salaudeen,,,,,,the British Vogue list,,In August 2020
342,marco,Q179242,117.0,"On 28 May 2020, the International Criminal Court gave Gbagbo permission to leave Belgium if certain conditions were met.  (Laurent Gbagbo)",,Gbagbo,gave,,,,the International Criminal Court,,On 28 May 2020
343,marco,Q179242,117.0,"On 28 May 2020, the International Criminal Court gave Gbagbo permission to leave Belgium if certain conditions were met.  (Laurent Gbagbo)",Gbagbo,,leave,,,,,Belgium,
344,marco,Q61742007,9.0,"On February 3, the Balochistan Chief Minister Jam Kamal Khan took notice of Arman's death and sought an official report from the commissioner of Zhob Division within 48 hours.  (Arman Loni)",Arman's,,death,,,,,,
345,marco,Q1273492,25.0,He had a fellowship from the University of Chicago's sociology department.  (E. Franklin Frazier),He,,,,,had,from the University of Chicago's sociology department,,
346,marco,Q1273492,25.0,He had a fellowship from the University of Chicago's sociology department.  (E. Franklin Frazier),He,,,,,fellowship,from the University of Chicago's sociology department,,
347,marco,Q31728420,7.0,Later on he studied public health and obtained a doctorate in medical anthropology from the University of Amsterdam.  (Shahaduz Zaman),he,,,,,studied,University of Amsterdam,,
348,marco,Q31728420,7.0,Later on he studied public health and obtained a doctorate in medical anthropology from the University of Amsterdam.  (Shahaduz Zaman),he,,obtained,,,,from the University of Amsterdam,,
349,marco,Q3089507,4.0,"His stories typically deal with cases of supernatural occurrence, divine intervention, reincarnation, ghosts, and are often based on or inspired by true stories reported from various locales around the state of Tamil Nadu.  (Indra Soundar Rajan)",His stories,,,,,deal,,,
350,marco,Q3089507,4.0,"His stories typically deal with cases of supernatural occurrence, divine intervention, reincarnation, ghosts, and are often based on or inspired by true stories reported from various locales around the state of Tamil Nadu.  (Indra Soundar Rajan)",His stories,,,,,based,,around the state of Tamil Nadu,
351,marco,Q3089507,4.0,"His stories typically deal with cases of supernatural occurrence, divine intervention, reincarnation, ghosts, and are often based on or inspired by true stories reported from various locales around the state of Tamil Nadu.  (Indra Soundar Rajan)",,His stories,,,,inspired,,around the state of Tamil Nadu,
352,marco,Q509662,24.0,"In the spring of 2015, he joined The New York Times Magazine to write a column on language.  (Colson Whitehead)",he,,joined,,,,The New York Times Magazine,,In the spring of 2015
353,marco,Q509662,24.0,"In the spring of 2015, he joined The New York Times Magazine to write a column on language.  (Colson Whitehead)",he,,,,,write,The New York Times Magazine,,
354,marco,Q334134,3.0,"He spent his childhood and youth in Port Said; there he attended a French high school, leaving in 1947 with a Baccalauréat.   (Samir Amin)",He,,spent,,,,,in Port Said,
355,marco,Q334134,3.0,"He spent his childhood and youth in Port Said; there he attended a French high school, leaving in 1947 with a Baccalauréat.   (Samir Amin)",he,,,,,attended,,in Port Said,
356,marco,Q334134,3.0,"He spent his childhood and youth in Port Said; there he attended a French high school, leaving in 1947 with a Baccalauréat.   (Samir Amin)",he,,leaving,,,,,,in 1947
357,marco,Q22003562,29.0,"Carlos was diagnosed with stage 4 colon cancer in September 2016 and died in the Sholom Home East Hospice in St. Paul, Minnesota on December 29, 2016.  (Laurie Carlos)",,Carlos,diagnosed,,,,,,in September 2016
358,marco,Q22003562,29.0,"Carlos was diagnosed with stage 4 colon cancer in September 2016 and died in the Sholom Home East Hospice in St. Paul, Minnesota on December 29, 2016.  (Laurie Carlos)",Carlos,,died,,,,in the Sholom Home East Hospice,"in St. Paul, Minnesota","on December 29, 2016"
359,marco,Q3805618,4.0,"He received his BA in education from the University of London and worked for a time as a lecturer in Malawi before returning to the UK to study linguistics at University College, London in the early 1980s.  (Jack Mapanje)",,He,received,,,,from the University of London,,
360,marco,Q3805618,4.0,"He received his BA in education from the University of London and worked for a time as a lecturer in Malawi before returning to the UK to study linguistics at University College, London in the early 1980s.  (Jack Mapanje)",He,,,,,worked,,in Malawi,
361,marco,Q3805618,4.0,"He received his BA in education from the University of London and worked for a time as a lecturer in Malawi before returning to the UK to study linguistics at University College, London in the early 1980s.  (Jack Mapanje)",He,,returning,,,,,to the UK,
362,marco,Q3805618,4.0,"He received his BA in education from the University of London and worked for a time as a lecturer in Malawi before returning to the UK to study linguistics at University College, London in the early 1980s.  (Jack Mapanje)",He,,,,,study,at University College,London,in the early 1980s
